design,design_name,config,flow_status,total_runtime,routed_runtime,(Cell/mm^2)/Core_Util,DIEAREA_mm^2,CellPer_mm^2,OpenDP_Util,Final_Util,Peak_Memory_Usage_MB,synth_cell_count,tritonRoute_violations,Short_violations,MetSpc_violations,OffGrid_violations,MinHole_violations,Other_violations,Magic_violations,pin_antenna_violations,net_antenna_violations,lvs_total_errors,klayout_violations,wire_length,vias,wns,pl_wns,optimized_wns,fastroute_wns,spef_wns,tns,pl_tns,optimized_tns,fastroute_tns,spef_tns,HPWL,routing_layer1_pct,routing_layer2_pct,routing_layer3_pct,routing_layer4_pct,routing_layer5_pct,routing_layer6_pct,wires_count,wire_bits,public_wires_count,public_wire_bits,memories_count,memory_bits,processes_count,cells_pre_abc,AND,DFF,NAND,NOR,OR,XOR,XNOR,MUX,inputs,outputs,level,DecapCells,WelltapCells,DiodeCells,FillCells,NonPhysCells,TotalCells,CoreArea_um^2,power_slowest_internal_uW,power_slowest_switching_uW,power_slowest_leakage_uW,power_typical_internal_uW,power_typical_switching_uW,power_typical_leakage_uW,power_fastest_internal_uW,power_fastest_switching_uW,power_fastest_leakage_uW,critical_path_ns,suggested_clock_period,suggested_clock_frequency,CLOCK_PERIOD,FP_ASPECT_RATIO,FP_CORE_UTIL,FP_PDN_HPITCH,FP_PDN_VPITCH,GRT_ADJUSTMENT,GRT_REPAIR_ANTENNAS,MAX_FANOUT_CONSTRAINT,PL_TARGET_DENSITY,RUN_HEURISTIC_DIODE_INSERTION,STD_CELL_LIBRARY,SYNTH_STRATEGY
/chipinventor/OpenLane/designs/spm,top,RUN_2026.09.13_14.34.01,flow completed,0h43m2s0ms,0h31m7s0ms,96601.42515248734,0.6534656624999999,33810.49880337057,-1,35.9731,1661.61,21392,0,0,0,0,0,0,0,162,126,0,0,1346134,189562,-4.24,-9.55,0,0,-3.6,-5019.76,-11067.11,0,0,-67.45,982315260,0,50.74,57.5,28.5,39.52,17.26,23815,27715,211,4083,0,0,0,25184,1080,5,667,798,4302,4210,1532,660,1318,1319,37,34479,8936,826,12738,22094,79073,626614.7232,0.00282,0.00103,0.000128,0.00362,0.00134,2.52e-07,0.00418,0.00159,3.66e-07,8.28,23.6,42.37288136,20,1,35,25,25,0.3,1,10,0.4,0,sky130_fd_sc_hd,AREA 0
,,,,,,,,,,,,,,,,,,,,,,,,,,,,,,,,,,,,,,,,,,,,,,,,,,,,,,,,,,,,,,,,,,,,,,,,,,,,,,,,,,,,,,,,,,,,
,,,,,,,,,,,,,,,,,,,,,,,,,,,,,,,,,,,,,,,,,,,,,,,,,,,,,,,,,,,,,,,,,,,,,,,,,,,,,,,,,,,,,,,,,,,,
,,,,,,,,,,,,,,,,,,,,,,,,,,,,,,,,,,,,,,,,,,,,,,,,,,,,,,,,,,,,,,,,,,,,,,,,,,,,,,,,,,,,,,,,,,,,
Metric,Value,,Metric,Value,,Metric,Value,,,,,,,,,,,,,,,,,,,,,,,,,,,,,,,,,,,,,,,,,,,,,,,,,,,,,,,,,,,,,,,,,,,,,,,,,,,,,,,,,,,,,
design,/chipinventor/OpenLane/designs/spm,,tns,-5019.76,,DecapCells,34479,,,,,,,,,,,,,,,,,,,,,,,,,,,,,,,,,,,,,,,,,,,,,,,,,,,,,,,,,,,,,,,,,,,,,,,,,,,,,,,,,,,,,
design_name,top,,pl_tns,-11067.11,,WelltapCells,8936,,,,,,,,,,,,,,,,,,,,,,,,,,,,,,,,,,,,,,,,,,,,,,,,,,,,,,,,,,,,,,,,,,,,,,,,,,,,,,,,,,,,,
config,RUN_2026.09.13_14.34.01,,optimized_tns,0.0,,DiodeCells,826,,,,,,,,,,,,,,,,,,,,,,,,,,,,,,,,,,,,,,,,,,,,,,,,,,,,,,,,,,,,,,,,,,,,,,,,,,,,,,,,,,,,,
flow_status,flow completed,,fastroute_tns,0.0,,FillCells,12738,,,,,,,,,,,,,,,,,,,,,,,,,,,,,,,,,,,,,,,,,,,,,,,,,,,,,,,,,,,,,,,,,,,,,,,,,,,,,,,,,,,,,
total_runtime,0h43m2s0ms,,spef_tns,-67.45,,NonPhysCells,22094,,,,,,,,,,,,,,,,,,,,,,,,,,,,,,,,,,,,,,,,,,,,,,,,,,,,,,,,,,,,,,,,,,,,,,,,,,,,,,,,,,,,,
routed_runtime,0h31m7s0ms,,HPWL,982315260.0,,TotalCells,79073,,,,,,,,,,,,,,,,,,,,,,,,,,,,,,,,,,,,,,,,,,,,,,,,,,,,,,,,,,,,,,,,,,,,,,,,,,,,,,,,,,,,,
(Cell/mm^2)/Core_Util,96601.42515248734,,routing_layer1_pct,0.0,,CoreArea_um^2,626614.7232,,,,,,,,,,,,,,,,,,,,,,,,,,,,,,,,,,,,,,,,,,,,,,,,,,,,,,,,,,,,,,,,,,,,,,,,,,,,,,,,,,,,,
DIEAREA_mm^2,0.6534656624999999,,routing_layer2_pct,50.74,,power_slowest_internal_uW,0.00282,,,,,,,,,,,,,,,,,,,,,,,,,,,,,,,,,,,,,,,,,,,,,,,,,,,,,,,,,,,,,,,,,,,,,,,,,,,,,,,,,,,,,
CellPer_mm^2,33810.49880337057,,routing_layer3_pct,57.5,,power_slowest_switching_uW,0.00103,,,,,,,,,,,,,,,,,,,,,,,,,,,,,,,,,,,,,,,,,,,,,,,,,,,,,,,,,,,,,,,,,,,,,,,,,,,,,,,,,,,,,
OpenDP_Util,-1,,routing_layer4_pct,28.5,,power_slowest_leakage_uW,0.000128,,,,,,,,,,,,,,,,,,,,,,,,,,,,,,,,,,,,,,,,,,,,,,,,,,,,,,,,,,,,,,,,,,,,,,,,,,,,,,,,,,,,,
Final_Util,35.9731,,routing_layer5_pct,39.52,,power_typical_internal_uW,0.00362,,,,,,,,,,,,,,,,,,,,,,,,,,,,,,,,,,,,,,,,,,,,,,,,,,,,,,,,,,,,,,,,,,,,,,,,,,,,,,,,,,,,,
Peak_Memory_Usage_MB,1661.61,,routing_layer6_pct,17.26,,power_typical_switching_uW,0.00134,,,,,,,,,,,,,,,,,,,,,,,,,,,,,,,,,,,,,,,,,,,,,,,,,,,,,,,,,,,,,,,,,,,,,,,,,,,,,,,,,,,,,
synth_cell_count,21392,,wires_count,23815,,power_typical_leakage_uW,2.52e-07,,,,,,,,,,,,,,,,,,,,,,,,,,,,,,,,,,,,,,,,,,,,,,,,,,,,,,,,,,,,,,,,,,,,,,,,,,,,,,,,,,,,,
tritonRoute_violations,0,,wire_bits,27715,,power_fastest_internal_uW,0.00418,,,,,,,,,,,,,,,,,,,,,,,,,,,,,,,,,,,,,,,,,,,,,,,,,,,,,,,,,,,,,,,,,,,,,,,,,,,,,,,,,,,,,
Short_violations,0,,public_wires_count,211,,power_fastest_switching_uW,0.00159,,,,,,,,,,,,,,,,,,,,,,,,,,,,,,,,,,,,,,,,,,,,,,,,,,,,,,,,,,,,,,,,,,,,,,,,,,,,,,,,,,,,,
MetSpc_violations,0,,public_wire_bits,4083,,power_fastest_leakage_uW,3.66e-07,,,,,,,,,,,,,,,,,,,,,,,,,,,,,,,,,,,,,,,,,,,,,,,,,,,,,,,,,,,,,,,,,,,,,,,,,,,,,,,,,,,,,
OffGrid_violations,0,,memories_count,0,,critical_path_ns,8.28,,,,,,,,,,,,,,,,,,,,,,,,,,,,,,,,,,,,,,,,,,,,,,,,,,,,,,,,,,,,,,,,,,,,,,,,,,,,,,,,,,,,,
MinHole_violations,0,,memory_bits,0,,suggested_clock_period,23.6,,,,,,,,,,,,,,,,,,,,,,,,,,,,,,,,,,,,,,,,,,,,,,,,,,,,,,,,,,,,,,,,,,,,,,,,,,,,,,,,,,,,,
Other_violations,0,,processes_count,0,,suggested_clock_frequency,42.3728813559322,,,,,,,,,,,,,,,,,,,,,,,,,,,,,,,,,,,,,,,,,,,,,,,,,,,,,,,,,,,,,,,,,,,,,,,,,,,,,,,,,,,,,
Magic_violations,0,,cells_pre_abc,25184,,CLOCK_PERIOD,20,,,,,,,,,,,,,,,,,,,,,,,,,,,,,,,,,,,,,,,,,,,,,,,,,,,,,,,,,,,,,,,,,,,,,,,,,,,,,,,,,,,,,
pin_antenna_violations,162,,AND,1080,,FP_ASPECT_RATIO,1,,,,,,,,,,,,,,,,,,,,,,,,,,,,,,,,,,,,,,,,,,,,,,,,,,,,,,,,,,,,,,,,,,,,,,,,,,,,,,,,,,,,,
net_antenna_violations,126,,DFF,5,,FP_CORE_UTIL,35,,,,,,,,,,,,,,,,,,,,,,,,,,,,,,,,,,,,,,,,,,,,,,,,,,,,,,,,,,,,,,,,,,,,,,,,,,,,,,,,,,,,,
lvs_total_errors,0,,NAND,667,,FP_PDN_HPITCH,25,,,,,,,,,,,,,,,,,,,,,,,,,,,,,,,,,,,,,,,,,,,,,,,,,,,,,,,,,,,,,,,,,,,,,,,,,,,,,,,,,,,,,
klayout_violations,0,,NOR,798,,FP_PDN_VPITCH,25,,,,,,,,,,,,,,,,,,,,,,,,,,,,,,,,,,,,,,,,,,,,,,,,,,,,,,,,,,,,,,,,,,,,,,,,,,,,,,,,,,,,,
wire_length,1346134,,OR,4302,,GRT_ADJUSTMENT,0.3,,,,,,,,,,,,,,,,,,,,,,,,,,,,,,,,,,,,,,,,,,,,,,,,,,,,,,,,,,,,,,,,,,,,,,,,,,,,,,,,,,,,,
vias,189562,,XOR,4210,,GRT_REPAIR_ANTENNAS,1,,,,,,,,,,,,,,,,,,,,,,,,,,,,,,,,,,,,,,,,,,,,,,,,,,,,,,,,,,,,,,,,,,,,,,,,,,,,,,,,,,,,,
wns,-4.24,,XNOR,1532,,MAX_FANOUT_CONSTRAINT,10,,,,,,,,,,,,,,,,,,,,,,,,,,,,,,,,,,,,,,,,,,,,,,,,,,,,,,,,,,,,,,,,,,,,,,,,,,,,,,,,,,,,,
pl_wns,-9.55,,MUX,660,,PL_TARGET_DENSITY,0.4,,,,,,,,,,,,,,,,,,,,,,,,,,,,,,,,,,,,,,,,,,,,,,,,,,,,,,,,,,,,,,,,,,,,,,,,,,,,,,,,,,,,,
optimized_wns,0.0,,inputs,1318,,RUN_HEURISTIC_DIODE_INSERTION,0,,,,,,,,,,,,,,,,,,,,,,,,,,,,,,,,,,,,,,,,,,,,,,,,,,,,,,,,,,,,,,,,,,,,,,,,,,,,,,,,,,,,,
fastroute_wns,0.0,,outputs,1319,,STD_CELL_LIBRARY,sky130_fd_sc_hd,,,,,,,,,,,,,,,,,,,,,,,,,,,,,,,,,,,,,,,,,,,,,,,,,,,,,,,,,,,,,,,,,,,,,,,,,,,,,,,,,,,,,
spef_wns,-3.6,,level,37,,SYNTH_STRATEGY,AREA 0,,,,,,,,,,,,,,,,,,,,,,,,,,,,,,,,,,,,,,,,,,,,,,,,,,,,,,,,,,,,,,,,,,,,,,,,,,,,,,,,,,,,,
